Title;
Time;Serial_No
28.05.2026 11:59:59;14362
28.05.2026 12:00:00;14362
28.05.2026 12:00:01;14362
28.05.2026 12:00:02;14362
28.05.2026 12:00:03;14362
28.05.2026 12:00:04;14362
28.05.2026 12:00:05;14362
28.05.2026 12:00:06;14362
28.05.2026 12:00:07;14362
28.05.2026 12:00:08;14362
28.05.2026 12:00:09;14362
28.05.2026 12:00:10;14362
28.05.2026 12:00:11;14362
28.05.2026 12:00:12;14362
28.05.2026 12:00:13;14362
28.05.2026 12:00:14;14362
28.05.2026 12:00:15;14362
28.05.2026 12:00:16;14362
28.05.2026 12:00:17;14362
28.05.2026 12:00:18;14362
28.05.2026 12:00:19;14362
28.05.2026 12:00:20;14362
28.05.2026 12:00:21;14362
28.05.2026 12:00:22;14362
28.05.2026 12:00:23;14362
28.05.2026 12:00:24;14362
28.05.2026 12:00:25;14362
28.05.2026 12:00:26;14362
28.05.2026 12:00:27;14362
28.05.2026 12:00:28;14362
28.05.2026 12:00:29;14362
28.05.2026 12:00:30;14362
28.05.2026 12:00:31;14362
28.05.2026 12:00:32;14362
28.05.2026 12:00:33;14362
28.05.2026 12:00:34;14362
28.05.2026 12:00:35;14362
28.05.2026 12:00:36;14362
28.05.2026 12:00:37;14362
28.05.2026 12:00:38;14362
28.05.2026 12:00:39;14362
28.05.2026 12:00:40;14362
28.05.2026 12:00:41;14362
28.05.2026 12:00:42;14362
28.05.2026 12:00:43;14362
28.05.2026 12:00:44;14362
28.05.2026 12:00:45;14362
28.05.2026 12:00:46;14362
28.05.2026 12:00:47;14362
28.05.2026 12:00:48;14362
28.05.2026 12:00:49;14362
28.05.2026 12:00:50;14362
28.05.2026 12:00:51;14362
28.05.2026 12:00:52;14362
28.05.2026 12:00:53;14362
28.05.2026 12:00:54;14362
28.05.2026 12:00:55;14362
28.05.2026 12:00:56;14362
28.05.2026 12:00:57;14362
28.05.2026 12:00:58;14362
28.05.2026 12:00:59;14362
28.05.2026 12:01:00;14362
28.05.2026 12:01:01;14362
28.05.2026 12:01:02;14362
28.05.2026 12:01:03;14362
28.05.2026 12:01:04;14362
28.05.2026 12:01:05;14362
28.05.2026 12:01:06;14362
28.05.2026 12:01:07;14362
28.05.2026 12:01:08;14362
28.05.2026 12:01:09;14362
28.05.2026 12:01:10;14362
28.05.2026 12:01:11;14362
28.05.2026 12:01:12;14362
28.05.2026 12:01:13;14362
28.05.2026 12:01:14;14362
28.05.2026 12:01:15;14362
28.05.2026 12:01:16;14362
28.05.2026 12:01:17;14362
28.05.2026 12:01:18;14362
28.05.2026 12:01:19;14362
28.05.2026 12:01:20;14362
28.05.2026 12:01:21;14362
28.05.2026 12:01:22;14362
28.05.2026 12:01:23;14362
28.05.2026 12:01:24;14362
28.05.2026 12:01:25;14362
28.05.2026 12:01:26;14362
28.05.2026 12:01:27;14362
28.05.2026 12:01:28;14362
28.05.2026 12:01:29;14362
28.05.2026 12:01:30;14362
28.05.2026 12:01:31;14362
28.05.2026 12:01:32;14362
28.05.2026 12:01:33;14362
28.05.2026 12:01:34;14362
28.05.2026 12:01:35;14362
28.05.2026 12:01:36;14362
28.05.2026 12:01:37;14362
28.05.2026 12:01:38;14362
28.05.2026 12:01:39;14362
28.05.2026 12:01:40;14362
28.05.2026 12:01:41;14362
28.05.2026 12:01:42;14362
28.05.2026 12:01:43;14362
28.05.2026 12:01:44;14362
28.05.2026 12:01:45;14362
28.05.2026 12:01:46;14362
28.05.2026 12:01:47;14362
28.05.2026 12:01:48;14362
28.05.2026 12:01:49;14362
28.05.2026 12:01:50;14362
28.05.2026 12:01:51;14362
28.05.2026 12:01:52;14362
28.05.2026 12:01:53;14362
28.05.2026 12:01:54;14362
28.05.2026 12:01:55;14362
28.05.2026 12:01:56;14362
28.05.2026 12:01:57;14362
28.05.2026 12:01:58;14362
28.05.2026 12:01:59;14362
28.05.2026 12:02:00;14362
28.05.2026 12:02:01;14362
28.05.2026 12:02:02;14362
28.05.2026 12:02:03;14362
28.05.2026 12:02:04;14362
28.05.2026 12:02:05;14362
28.05.2026 12:02:06;14362
28.05.2026 12:02:07;14362
28.05.2026 12:02:08;14362
28.05.2026 12:02:09;14362
28.05.2026 12:02:10;14362
28.05.2026 12:02:11;14362
28.05.2026 12:02:12;14362
28.05.2026 12:02:13;14362
28.05.2026 12:02:14;14362
28.05.2026 12:02:15;14362
28.05.2026 12:02:16;14362
28.05.2026 12:02:17;14362
